{
  "accuracy": 0.92664,
  "f1_macro": 0.9266380768612021,
  "confusion_matrix": [
    [
      11647,
      853
    ],
    [
      981,
      11519
    ]
  ],
  "classification_report": {
    "neg": {
      "precision": 0.9223154893886601,
      "recall": 0.93176,
      "f1-score": 0.9270136899076727,
      "support": 12500.0
    },
    "pos": {
      "precision": 0.9310539928871646,
      "recall": 0.92152,
      "f1-score": 0.9262624638147314,
      "support": 12500.0
    },
    "accuracy": 0.92664,
    "macro avg": {
      "precision": 0.9266847411379124,
      "recall": 0.92664,
      "f1-score": 0.9266380768612021,
      "support": 25000.0
    },
    "weighted avg": {
      "precision": 0.9266847411379125,
      "recall": 0.92664,
      "f1-score": 0.9266380768612021,
      "support": 25000.0
    }
  }
}